user_id,ip_address,latitude,longitude,timezone,device_info,typing_speed,mouse_speed,login_time
101,192.168.1.10,40.7128,-74.006,EST,Windows,4.5,300.0,2025-02-25 08:30:15
102,192.168.1.11,34.0522,-118.244,PST,MacOS,5.0,320.0,2025-02-25 09:45:30
103,192.168.1.12,51.5074,-0.1278,GMT,iOS,3.8,280.0,2025-02-25 10:15:45
104,192.168.1.13,35.6895,139.692,JST,Android,4.2,310.0,2025-02-25 11:00:00
105,192.168.1.14,48.8566,2.3522,CET,Linux,4.9,330.0,2025-02-25 12:10:25
106,192.168.1.15,55.7558,37.6173,MSK,Windows,3.7,270.0,2025-02-25 13:20:40
107,192.168.1.16,39.9042,116.407,CST,MacOS,5.3,340.0,2025-02-25 14:30:55
108,192.168.1.17,-33.8688,151.209,AEST,iOS,4.0,290.0,2025-02-25 15:40:10
109,192.168.1.18,37.7749,-122.419,PST,Android,5.1,350.0,2025-02-25 16:50:25
110,192.168.1.19,-23.5505,-46.6333,BRT,Linux,4.3,310.0,2025-02-25 17:00:00
111,192.168.1.20,19.076,72.8777,IST,Windows,4.6,330.0,2025-02-25 18:10:35
112,192.168.1.21,52.52,13.405,CET,MacOS,5.2,320.0,2025-02-25 19:20:50
113,192.168.1.22,41.9028,12.4964,CET,iOS,3.9,280.0,2025-02-25 20:30:05
114,192.168.1.23,40.4168,-3.7038,CET,Android,4.1,310.0,2025-02-25 21:40:20
115,192.168.1.24,1.3521,103.82,SGT,Linux,4.7,290.0,2025-02-25 22:50:35
116,192.168.1.25,25.277,55.2962,GST,Windows,3.6,270.0,2025-02-25 23:00:50
117,192.168.1.26,-26.2041,28.0473,SAST,MacOS,5.4,350.0,2025-02-26 00:15:05
118,192.168.1.27,45.4215,-75.6972,EST,iOS,4.8,330.0,2025-02-26 01:30:20
119,192.168.1.28,59.3293,18.0686,CET,Android,4.4,290.0,2025-02-26 02:40:35
120,192.168.1.29,35.6762,139.65,JST,Linux,4.0,280.0,2025-02-26 03:50:50
121,192.168.1.30,37.5665,126.978,KST,Windows,4.6,320.0,2025-02-26 04:10:15
122,192.168.1.31,28.6139,77.209,IST,MacOS,5.2,340.0,2025-02-26 05:25:30
123,192.168.1.32,55.6761,12.5683,CET,iOS,3.9,290.0,2025-02-26 06:35:45
124,192.168.1.33,-37.8136,144.963,AEST,Android,4.3,310.0,2025-02-26 07:45:00
125,192.168.1.34,6.5244,3.3792,WAT,Linux,4.8,330.0,2025-02-26 08:55:25
126,192.168.1.35,50.1109,8.6821,CET,Windows,3.7,270.0,2025-02-26 10:05:40
127,192.168.1.36,-12.0464,-77.0428,PET,MacOS,5.3,350.0,2025-02-26 11:15:55
128,192.168.1.37,35.2271,-80.8431,EST,iOS,4.0,290.0,2025-02-26 12:25:10
129,192.168.1.38,-8.4095,115.189,WITA,Android,5.1,350.0,2025-02-26 13:35:25
130,192.168.1.39,31.2304,121.474,CST,Linux,4.3,310.0,2025-02-26 14:45:00
131,192.168.1.40,18.5204,73.8567,IST,Windows,4.6,330.0,2025-02-26 15:55:35
132,192.168.1.41,41.0082,28.9784,TRT,MacOS,5.2,320.0,2025-02-26 17:05:50
133,192.168.1.42,35.8617,104.195,CST,iOS,3.9,280.0,2025-02-26 18:15:05
134,192.168.1.43,22.3964,114.109,HKT,Android,4.1,310.0,2025-02-26 19:25:20
135,192.168.1.44,-34.6037,-58.3816,ART,Linux,4.7,290.0,2025-02-26 20:35:35
136,192.168.1.45,59.9139,10.7522,CET,Windows,3.6,270.0,2025-02-26 21:45:50
137,192.168.1.46,14.5995,120.984,PHT,MacOS,5.4,350.0,2025-02-26 22:55:05
138,192.168.1.47,25.033,121.565,CST,iOS,4.8,330.0,2025-02-26 23:59:59
139,192.168.1.48,-1.2864,36.8172,EAT,Android,4.4,290.0,2025-02-27 01:10:15
140,192.168.1.49,43.6532,-79.3832,EST,Linux,4.0,280.0,2025-02-27 02:20:30
141,192.168.1.50,48.8566,2.3522,CET,Windows,4.5,320.0,2025-02-27 03:30:15
142,192.168.1.51,40.7128,-74.006,EST,MacOS,5.0,340.0,2025-02-27 04:40:30
143,192.168.1.52,-33.8688,151.209,AEST,iOS,4.2,300.0,2025-02-27 05:50:45
144,192.168.1.53,52.52,13.405,CET,Android,4.6,330.0,2025-02-27 07:00:00
145,192.168.1.54,19.076,72.8777,IST,Linux,5.1,350.0,2025-02-27 08:10:25
146,192.168.1.55,34.0522,-118.244,PST,Windows,3.8,290.0,2025-02-27 09:20:40
147,192.168.1.56,55.7558,37.6173,MSK,MacOS,4.9,320.0,2025-02-27 10:30:55
148,192.168.1.57,1.3521,103.82,SGT,iOS,4.0,310.0,2025-02-27 11:41:10
149,192.168.1.58,39.9042,116.407,CST,Android,5.3,360.0,2025-02-27 12:51:25
150,192.168.1.59,37.7749,-122.419,PST,Linux,4.7,310.0,2025-02-27 14:01:40
151,192.168.1.60,23.1291,113.264,CST,Windows,3.9,280.0,2025-02-27 15:11:55
152,192.168.1.61,-23.5505,-46.6333,BRT,MacOS,4.8,330.0,2025-02-27 16:22:10
153,192.168.1.62,31.7683,35.2137,IST,iOS,4.2,300.0,2025-02-27 17:32:25
154,192.168.1.63,-26.2041,28.0473,SAST,Android,5.0,340.0,2025-02-27 18:42:40
155,192.168.1.64,35.6895,139.692,JST,Linux,4.5,320.0,2025-02-27 19:52:55
156,192.168.1.65,47.6062,-122.332,PST,Windows,3.7,290.0,2025-02-27 21:03:10
157,192.168.1.66,41.9028,12.4964,CET,MacOS,5.2,350.0,2025-02-27 22:13:25
158,192.168.1.67,45.4215,-75.6972,EST,iOS,4.0,310.0,2025-02-27 23:23:40
159,192.168.1.68,25.7617,-80.1918,EST,Android,4.6,330.0,2025-02-28 00:33:55
160,192.168.1.69,-22.9068,-43.1729,BRT,Linux,5.1,350.0,2025-02-28 01:44:10
161,192.168.1.70,13.7563,100.502,ICT,Windows,3.9,280.0,2025-02-28 02:54:25
162,192.168.1.71,51.5074,-0.1278,GMT,MacOS,4.8,330.0,2025-02-28 04:04:40
163,192.168.1.72,-36.8485,174.763,NZST,iOS,4.2,300.0,2025-02-28 05:14:55
164,192.168.1.73,33.749,-84.388,EST,Android,5.0,340.0,2025-02-28 06:25:10
165,192.168.1.74,60.1695,24.9354,EET,Linux,4.5,320.0,2025-02-28 07:35:25
166,192.168.1.75,59.3293,18.0686,CET,Windows,3.6,270.0,2025-02-28 08:45:40
167,192.168.1.76,14.6928,-17.4467,GMT,MacOS,5.3,350.0,2025-02-28 09:55:55
168,192.168.1.77,9.082,8.6753,WAT,iOS,4.7,310.0,2025-02-28 11:06:10
169,192.168.1.78,64.1466,-21.9426,GMT,Android,4.4,290.0,2025-02-28 12:16:25
170,192.168.1.79,50.0755,14.4378,CET,Linux,4.0,280.0,2025-02-28 13:26:40
171,192.168.1.80,37.7749,-122.419,PST,Windows,4.6,330.0,2025-02-28 14:30:15
172,192.168.1.81,48.8566,2.3522,CET,MacOS,5.1,350.0,2025-02-28 15:40:30
173,192.168.1.82,34.0522,-118.244,PST,iOS,4.2,310.0,2025-02-28 16:50:45
174,192.168.1.83,52.52,13.405,CET,Android,4.8,340.0,2025-02-28 18:00:00
175,192.168.1.84,19.076,72.8777,IST,Linux,5.3,360.0,2025-02-28 19:10:25
176,192.168.1.85,-33.8688,151.209,AEST,Windows,3.9,280.0,2025-02-28 20:20:40
177,192.168.1.86,55.7558,37.6173,MSK,MacOS,4.7,320.0,2025-02-28 21:30:55
178,192.168.1.87,1.3521,103.82,SGT,iOS,4.0,300.0,2025-02-28 22:41:10
179,192.168.1.88,39.9042,116.407,CST,Android,5.2,350.0,2025-02-28 23:51:25
180,192.168.1.89,40.7128,-74.006,EST,Linux,4.5,320.0,2025-03-01 01:01:40
181,192.168.1.90,-23.5505,-46.6333,BRT,Windows,3.8,290.0,2025-03-01 02:11:55
182,192.168.1.91,31.7683,35.2137,IST,MacOS,4.9,330.0,2025-03-01 03:22:10
183,192.168.1.92,-26.2041,28.0473,SAST,iOS,4.3,310.0,2025-03-01 04:32:25
184,192.168.1.93,35.6895,139.692,JST,Android,5.0,340.0,2025-03-01 05:42:40
185,192.168.1.94,47.6062,-122.332,PST,Linux,3.7,280.0,2025-03-01 06:52:55
186,192.168.1.95,41.9028,12.4964,CET,Windows,5.2,350.0,2025-03-01 08:03:10
187,192.168.1.96,45.4215,-75.6972,EST,MacOS,4.0,310.0,2025-03-01 09:13:25
188,192.168.1.97,25.7617,-80.1918,EST,iOS,4.6,330.0,2025-03-01 10:23:40
189,192.168.1.98,-22.9068,-43.1729,BRT,Android,5.1,350.0,2025-03-01 11:33:55
190,192.168.1.99,13.7563,100.502,ICT,Linux,3.9,290.0,2025-03-01 12:44:10
191,192.168.1.100,51.5074,-0.1278,GMT,Windows,4.8,330.0,2025-03-01 13:54:25
192,192.168.1.101,-36.8485,174.763,NZST,MacOS,4.1,300.0,2025-03-01 15:04:40
193,192.168.1.102,33.749,-84.388,EST,iOS,5.0,340.0,2025-03-01 16:14:55
194,192.168.1.103,60.1695,24.9354,EET,Android,4.4,320.0,2025-03-01 17:25:10
195,192.168.1.104,59.3293,18.0686,CET,Linux,3.6,270.0,2025-03-01 18:35:25
196,192.168.1.105,14.6928,-17.4467,GMT,Windows,5.3,360.0,2025-03-01 19:45:40
197,192.168.1.106,9.082,8.6753,WAT,MacOS,4.7,310.0,2025-03-01 20:55:55
198,192.168.1.107,64.1466,-21.9426,GMT,iOS,4.5,290.0,2025-03-01 22:06:10
199,192.168.1.108,50.0755,14.4378,CET,Android,4.0,280.0,2025-03-01 23:16:25
200,192.168.1.109,37.5665,126.978,KST,Linux,4.2,310.0,2025-03-02 00:26:40
201,192.168.1.10,37.7749,-122.419,America/Los_Angeles,Windows,3.2,1100.0,2024-01-01 10:15:30
201,203.0.113.5,34.0522,-118.244,America/Los_Angeles,Android,3.5,1200.0,2024-01-20 14:22:10
201,198.51.100.7,40.7128,-74.006,America/New_York,iOS,3.0,1050.0,2024-02-10 08:30:50
202,192.168.1.12,51.5074,-0.1278,Europe/London,macOS,4.0,1250.0,2024-01-05 09:45:20
202,203.0.113.12,51.5075,-0.128,Europe/London,Windows,3.9,1230.0,2024-01-15 11:10:05
203,198.51.100.23,35.6895,139.692,Asia/Tokyo,Windows,4.2,1400.0,2024-01-03 07:20:10
203,203.0.113.8,48.8566,2.3522,Europe/Paris,Android,3.8,1150.0,2024-01-23 15:05:45
203,192.168.1.22,40.7128,-74.006,America/New_York,macOS,4.0,1300.0,2024-02-15 19:50:30
204,203.0.113.20,-33.8688,151.209,Australia/Sydney,Windows,3.6,1280.0,2024-01-10 12:30:00
204,198.51.100.9,-37.8136,144.963,Australia/Melbourne,iOS,3.7,1180.0,2024-01-28 16:45:20
204,203.0.113.15,1.3521,103.82,Asia/Singapore,Linux,3.5,1100.0,2024-02-20 14:30:00
205,192.168.1.30,52.52,13.405,Europe/Berlin,Windows,4.1,1275.0,2024-01-08 10:10:10
205,203.0.113.30,55.7558,37.6173,Europe/Moscow,Android,3.9,1220.0,2024-01-27 13:20:30
206,198.51.100.31,28.6139,77.209,Asia/Kolkata,Windows,4.3,1350.0,2024-01-05 08:50:30
206,203.0.113.32,28.614,77.2088,Asia/Kolkata,Android,4.1,1290.0,2024-01-15 10:15:20
207,192.168.1.33,55.9533,-3.1883,Europe/London,macOS,3.9,1225.0,2024-01-07 12:40:10
207,203.0.113.34,34.6937,135.502,Asia/Tokyo,Linux,3.8,1200.0,2024-02-01 09:25:30
208,198.51.100.35,-22.9068,-43.1729,America/Sao_Paulo,Windows,4.0,1300.0,2024-01-09 14:10:50
208,203.0.113.36,-22.907,-43.1725,America/Sao_Paulo,iOS,3.7,1190.0,2024-01-20 18:30:10
209,192.168.1.37,39.9042,116.407,Asia/Shanghai,Windows,4.2,1400.0,2024-01-12 11:30:00
209,203.0.113.38,40.7306,-73.9352,America/New_York,Android,3.9,1250.0,2024-02-10 07:40:30
210,198.51.100.39,19.076,72.8777,Asia/Kolkata,macOS,3.5,1100.0,2024-01-14 08:45:20
210,203.0.113.40,13.0827,80.2707,Asia/Kolkata,Windows,3.6,1150.0,2024-01-31 10:20:40
211,192.168.1.41,31.2304,121.474,Asia/Shanghai,Linux,3.8,1200.0,2024-01-06 09:50:30
212,203.0.113.42,52.2298,21.0122,Europe/Warsaw,Windows,4.0,1275.0,2024-01-10 07:25:50
213,198.51.100.43,-33.4489,-70.6693,America/Santiago,iOS,3.7,1220.0,2024-01-12 16:45:20
214,203.0.113.44,-26.2041,28.0473,Africa/Johannesburg,Android,3.5,1150.0,2024-01-15 18:30:10
215,192.168.1.45,41.9028,12.4964,Europe/Rome,Windows,4.2,1380.0,2024-01-18 12:10:40
221,198.51.100.46,35.6762,139.65,Asia/Tokyo,Linux,3.9,1200.0,2024-01-04 06:30:00
221,203.0.113.47,37.5665,126.978,Asia/Seoul,macOS,3.7,1180.0,2024-02-02 09:20:50
222,192.168.1.48,-36.8485,174.763,Pacific/Auckland,Windows,3.8,1240.0,2024-01-07 15:15:30
222,203.0.113.49,-12.0464,-77.0428,America/Lima,Android,3.6,1120.0,2024-02-01 20:40:10
223,198.51.100.50,25.277,55.2962,Asia/Dubai,iOS,4.0,1300.0,2024-01-05 10:10:50
223,203.0.113.51,50.8503,4.3517,Europe/Brussels,Windows,3.9,1280.0,2024-02-05 14:30:20
224,192.168.1.52,-3.745,-38.523,America/Fortaleza,Linux,3.7,1210.0,2024-01-02 17:40:30
225,203.0.113.53,60.1695,24.9354,Europe/Helsinki,Windows,4.1,1350.0,2024-01-11 09:20:50
226,198.51.100.54,-34.6037,-58.3816,America/Argentina/Buenos_Aires,Android,3.5,1150.0,2024-01-15 08:10:10
227,203.0.113.55,23.1291,113.264,Asia/Shanghai,macOS,3.8,1190.0,2024-01-21 13:50:20
228,192.168.1.56,45.4642,9.19,Europe/Rome,Windows,4.2,1320.0,2024-01-25 10:30:40
229,203.0.113.57,19.076,72.8777,Asia/Kolkata,iOS,3.9,1260.0,2024-02-01 12:15:30
230,198.51.100.58,-37.8136,144.963,Australia/Melbourne,Android,3.7,1205.0,2024-02-07 17:20:50
231,192.168.1.59,48.8566,2.3522,Europe/Paris,Windows,3.9,1225.0,2024-01-05 08:15:30
231,203.0.113.60,48.857,2.352,Europe/Paris,Android,4.0,1260.0,2024-01-16 09:20:50
232,198.51.100.61,37.7749,-122.419,America/Los_Angeles,macOS,3.7,1190.0,2024-01-07 10:40:10
232,203.0.113.62,51.5074,-0.1278,Europe/London,Linux,3.5,1150.0,2024-02-02 11:30:30
233,192.168.1.63,40.7128,-74.006,America/New_York,iOS,4.1,1285.0,2024-01-09 15:10:50
233,203.0.113.64,40.713,-74.0058,America/New_York,Windows,3.9,1220.0,2024-01-21 17:25:10
234,198.51.100.65,55.7558,37.6173,Europe/Moscow,Windows,3.8,1210.0,2024-01-11 11:50:30
234,203.0.113.66,-33.8688,151.209,Australia/Sydney,Android,3.7,1185.0,2024-02-12 09:45:40
235,192.168.1.67,34.0522,-118.244,America/Los_Angeles,Linux,4.0,1250.0,2024-01-12 09:30:00
235,203.0.113.68,35.6895,139.692,Asia/Tokyo,iOS,3.6,1145.0,2024-02-15 07:10:20
236,198.51.100.69,1.3521,103.82,Asia/Singapore,Windows,3.9,1230.0,2024-01-14 08:40:30
236,203.0.113.70,51.1657,10.4515,Europe/Berlin,Android,3.8,1200.0,2024-02-05 12:35:40
237,192.168.1.71,6.5244,3.3792,Africa/Lagos,macOS,3.7,1195.0,2024-01-16 06:50:20
237,203.0.113.72,39.9042,116.407,Asia/Shanghai,Windows,3.5,1170.0,2024-02-10 18:20:30
238,198.51.100.73,45.4215,-75.6972,America/Toronto,Linux,4.1,1270.0,2024-01-18 12:45:10
238,203.0.113.74,52.52,13.405,Europe/Berlin,Android,3.9,1235.0,2024-02-11 15:15:40
246,192.168.1.75,-15.8267,-47.9218,America/Sao_Paulo,Windows,3.8,1215.0,2024-01-20 09:30:20
247,203.0.113.76,55.9533,-3.1883,Europe/London,macOS,4.0,1265.0,2024-01-22 07:15:10
248,198.51.100.77,35.6895,139.692,Asia/Tokyo,iOS,3.7,1190.0,2024-01-24 13:50:40
249,203.0.113.78,19.076,72.8777,Asia/Kolkata,Android,3.6,1180.0,2024-01-27 16:40:10
250,192.168.1.79,31.2304,121.474,Asia/Shanghai,Windows,4.2,1325.0,2024-01-29 12:15:50
261,198.51.100.80,-33.8688,151.209,Australia/Sydney,macOS,3.9,1235.0,2024-02-01 14:10:40
261,203.0.113.81,48.2082,16.3738,Europe/Vienna,Linux,3.8,1210.0,2024-02-20 10:35:20
262,192.168.1.82,51.5074,-0.1278,Europe/London,Windows,4.1,1290.0,2024-02-03 08:25:30
262,203.0.113.83,40.7306,-73.9352,America/New_York,Android,3.7,1185.0,2024-02-22 12:50:10
276,198.51.100.84,28.7041,77.1025,Asia/Kolkata,macOS,3.8,1200.0,2024-02-06 10:20:50
277,203.0.113.85,13.7563,100.502,Asia/Bangkok,iOS,3.6,1155.0,2024-02-08 17:35:20
278,192.168.1.86,50.9375,6.9603,Europe/Berlin,Windows,4.0,1255.0,2024-02-10 14:50:30
279,203.0.113.87,25.2854,51.531,Asia/Qatar,Linux,3.9,1220.0,2024-02-12 08:40:50
280,198.51.100.88,-22.9068,-43.1729,America/Sao_Paulo,Android,3.7,1195.0,2024-02-14 20:15:40
281,192.168.1.89,37.5665,126.978,Asia/Seoul,Windows,3.9,1225.0,2024-02-16 08:15:30
281,203.0.113.90,37.5666,126.978,Asia/Seoul,Android,4.0,1260.0,2024-02-25 09:20:50
282,198.51.100.91,52.3676,4.9041,Europe/Amsterdam,macOS,3.7,1190.0,2024-02-18 10:40:10
282,203.0.113.92,-33.9249,18.4241,Africa/Johannesburg,Linux,3.5,1150.0,2024-03-10 11:30:30
283,192.168.1.93,41.9028,12.4964,Europe/Rome,iOS,4.1,1285.0,2024-02-20 15:10:50
283,203.0.113.94,41.903,12.4962,Europe/Rome,Windows,3.9,1220.0,2024-02-28 17:25:10
284,198.51.100.95,-37.8136,144.963,Australia/Melbourne,Windows,3.8,1210.0,2024-02-22 11:50:30
284,203.0.113.96,40.7128,-74.006,America/New_York,Android,3.7,1185.0,2024-03-15 09:45:40
285,192.168.1.97,60.1695,24.9354,Europe/Helsinki,Linux,4.0,1250.0,2024-02-24 09:30:00
285,203.0.113.98,55.7558,37.6173,Europe/Moscow,iOS,3.6,1145.0,2024-03-20 07:10:20
286,198.51.100.99,25.277,55.2962,Asia/Dubai,Windows,3.9,1230.0,2024-02-26 08:40:30
286,203.0.113.100,-23.5505,-46.6333,America/Sao_Paulo,Android,3.8,1200.0,2024-03-18 12:35:40
287,192.168.1.101,59.3293,18.0686,Europe/Stockholm,macOS,3.7,1195.0,2024-02-28 06:50:20
287,203.0.113.102,39.9042,116.407,Asia/Shanghai,Windows,3.5,1170.0,2024-03-17 18:20:30
288,198.51.100.103,39.9334,32.8597,Europe/Istanbul,Linux,4.1,1270.0,2024-03-01 12:45:10
288,203.0.113.104,-1.2921,36.8219,Africa/Nairobi,Android,3.9,1235.0,2024-03-19 15:15:40
296,192.168.1.105,21.3891,39.8579,Asia/Riyadh,Windows,3.8,1215.0,2024-03-03 09:30:20
297,203.0.113.106,47.6062,-122.332,America/Los_Angeles,macOS,4.0,1265.0,2024-03-05 07:15:10
298,198.51.100.107,-26.2041,28.0473,Africa/Johannesburg,iOS,3.7,1190.0,2024-03-07 13:50:40
299,203.0.113.108,55.6761,12.5683,Europe/Copenhagen,Android,3.6,1180.0,2024-03-09 16:40:10
300,192.168.1.109,19.4326,-99.1332,America/Mexico_City,Windows,4.2,1325.0,2024-03-11 12:15:50
301,192.168.1.110,48.8566,2.3522,Europe/Paris,Windows,3.9,1200.0,2024-02-12 08:10:30
302,203.0.113.111,-34.6037,-58.3816,America/Argentina/Buenos_Aires,macOS,4.1,1300.0,2024-02-14 12:25:50
303,198.51.100.112,13.7563,100.502,Asia/Bangkok,Android,3.5,1150.0,2024-02-16 14:30:10
304,203.0.113.113,50.1109,8.6821,Europe/Berlin,iOS,4.0,1250.0,2024-02-18 18:45:20
305,192.168.1.114,1.3521,103.82,Asia/Singapore,Windows,3.8,1225.0,2024-02-20 06:50:40
306,203.0.113.115,33.6844,73.0479,Asia/Karachi,Linux,3.6,1180.0,2024-02-22 09:15:10
307,198.51.100.116,35.6895,139.692,Asia/Tokyo,Android,4.2,1350.0,2024-02-24 11:20:30
308,203.0.113.117,19.076,72.8777,Asia/Kolkata,macOS,3.7,1190.0,2024-02-26 13:35:40
309,192.168.1.118,-33.4489,-70.6693,America/Santiago,Windows,3.9,1210.0,2024-02-28 15:40:50
310,203.0.113.119,45.4642,9.19,Europe/Rome,Linux,4.1,1285.0,2024-03-01 17:50:10
311,198.51.100.120,37.7749,-122.419,America/Los_Angeles,Android,3.6,1160.0,2024-03-03 09:15:20
311,203.0.113.121,-22.9068,-43.1729,America/Sao_Paulo,iOS,3.5,1145.0,2024-03-20 11:30:40
312,192.168.1.122,55.9533,-3.1883,Europe/London,Windows,4.0,1255.0,2024-03-05 07:45:30
312,203.0.113.123,-36.8485,174.763,Pacific/Auckland,macOS,3.8,1220.0,2024-03-22 10:50:50
313,198.51.100.124,52.52,13.405,Europe/Berlin,Linux,3.7,1200.0,2024-03-07 12:10:20
313,203.0.113.125,40.4168,-3.7038,Europe/Madrid,Android,3.6,1185.0,2024-03-24 08:20:30
314,192.168.1.126,43.6511,-79.347,America/Toronto,iOS,3.9,1245.0,2024-03-09 14:30:40
314,203.0.113.127,28.6139,77.209,Asia/Kolkata,Windows,3.8,1225.0,2024-03-26 18:50:10
315,198.51.100.128,41.0082,28.9784,Europe/Istanbul,macOS,4.1,1300.0,2024-03-11 16:10:50
315,203.0.113.129,35.6762,139.65,Asia/Tokyo,Android,3.7,1180.0,2024-03-28 20:40:30
316,198.51.100.140,48.2082,16.3738,Europe/Vienna,Windows,3.7,1185.0,2024-03-12 10:30:40
317,203.0.113.141,-33.9249,18.4241,Africa/Johannesburg,macOS,3.8,1210.0,2024-03-13 12:15:20
318,192.168.1.142,31.2304,121.474,Asia/Shanghai,Android,3.9,1230.0,2024-03-14 14:45:30
319,203.0.113.143,40.7128,-74.006,America/New_York,iOS,4.0,1275.0,2024-03-15 16:20:10
320,198.51.100.144,55.7558,37.6173,Europe/Moscow,Linux,3.6,1170.0,2024-03-16 08:50:20
321,192.168.1.145,37.9838,23.7275,Europe/Athens,Windows,3.8,1220.0,2024-03-17 10:10:30
321,203.0.113.146,19.076,72.8777,Asia/Kolkata,iOS,3.7,1195.0,2024-04-04 14:30:40
322,198.51.100.147,34.0522,-118.244,America/Los_Angeles,Android,4.1,1305.0,2024-03-18 09:45:50
322,203.0.113.148,-22.9068,-43.1729,America/Sao_Paulo,Linux,3.8,1215.0,2024-04-06 11:50:20
323,192.168.1.149,-26.2041,28.0473,Africa/Johannesburg,macOS,3.6,1165.0,2024-03-19 12:30:10
323,203.0.113.150,51.5074,-0.1278,Europe/London,Windows,3.9,1245.0,2024-04-08 17:15:30
324,198.51.100.151,35.6895,139.692,Asia/Tokyo,iOS,3.7,1200.0,2024-03-20 15:10:40
324,203.0.113.152,-37.8136,144.963,Australia/Melbourne,Android,3.8,1225.0,2024-04-10 19:30:50
325,192.168.1.153,52.52,13.405,Europe/Berlin,Windows,4.0,1265.0,2024-03-21 18:50:20
325,203.0.113.154,41.9028,12.4964,Europe/Rome,Linux,3.7,1190.0,2024-04-12 21:45:30
326,198.51.100.155,-34.6037,-58.3816,America/Argentina/Buenos_Aires,macOS,3.8,1215.0,2024-03-22 09:30:40
326,203.0.113.156,28.7041,77.1025,Asia/Kolkata,iOS,3.6,1185.0,2024-04-14 10:50:50
327,192.168.1.157,41.3851,2.1734,Europe/Madrid,Windows,4.1,1300.0,2024-03-23 12:10:30
327,203.0.113.158,33.8688,151.209,Australia/Sydney,Android,3.7,1180.0,2024-04-16 13:30:40
328,198.51.100.159,50.0755,14.4378,Europe/Prague,Linux,3.9,1240.0,2024-03-24 14:40:20
328,203.0.113.160,1.3521,103.82,Asia/Singapore,macOS,3.8,1220.0,2024-04-18 16:50:50
329,192.168.1.161,40.4168,-3.7038,Europe/Madrid,iOS,3.6,1175.0,2024-03-25 16:50:10
329,203.0.113.162,-27.4705,153.026,Australia/Brisbane,Windows,3.7,1185.0,2024-04-20 18:30:40
330,198.51.100.163,35.6762,139.65,Asia/Tokyo,Android,4.0,1260.0,2024-03-26 18:20:30
330,203.0.113.164,37.7749,-122.419,America/Los_Angeles,Linux,3.8,1225.0,2024-04-22 19:45:10
